1608.33491382772854195,-4020.75650364247894686,-0.02851129820492103,804.15320266613821332,804.14845019088966183,804.14845019088966183,0.00000000000000000,0.00000000000000000,0.00000000000000000,0.00000000000000000,0.00000000000000000,0.00000000000000000,0.00000000000000000,0.00000000000000000,0.00000000000000000,0.00000000000000000,0.00000000000000000,0.00000000000000000,0.00000000000000000,0.00000000000000000,0.00000000000000000,0.00000000000000000,0.00000000000000000,0.00000000000000000,0.00000000000000000,0.00000000000000000,0.00000000000000000,0.00000000000000000,0.00000000000000000,0.00000000000000000,8906.25022777502090321,-3563.18381700455938699,-5344.77572744635199342,-0.00000000000000000,-0.00000000000000000,-0.00000000000000000,0.00000000000000000,0.00000000000000000,0.00000000000000000,0.00000000000000000,0.00000000000000000,0.00000000000000000,0.00000000000000000,0.00000000000000000,0.00000000000000000,0.00000000000000000,0.00000000000000000,0.00000000000000000,0.00000000000000000,0.00000000000000000,0.00000000000000000,0.00000000000000000,0.00000000000000000,0.00000000000000000,0.00000000000000000,0.00000000000000000,0.00000000000000000,0.00000000000000000,0.00000000000000000,0.00000000000000000
-4020.75650364247894686,23175.51689878607066930,0.00950495049695050,731.70924106670111087,-3216.61280592683806390,-36479.77979630034678848,804.15320266613821332,804.14845019088966183,804.14845019088966183,804.14845019088966183,0.00000000000000000,0.00475247524847525,0.00000000000000000,0.00000000000000000,0.00000000000000000,0.00000000000000000,0.00000000000000000,0.00000000000000000,0.00000000000000000,0.00000000000000000,0.00000000000000000,0.00000000000000000,0.00000000000000000,0.00000000000000000,0.00000000000000000,0.00000000000000000,0.00000000000000000,804.14845019088966183,0.00000000000000000,0.00000000000000000,-3563.03451354077333235,-0.00001218253976632,1781.85917270758045561,0.00000304589157480,-1781.59190739590098929,1781.85917677921315772,1781.85917270758045561,-0.00000000000000000,-0.00000000000000000,-0.00000000000000000,0.00000000000000000,-0.00000000000000000,0.00000000000000000,0.00000000000000000,0.00000000000000000,0.00000000000000000,0.00000000000000000,0.00000000000000000,0.00000000000000000,0.00000000000000000,0.00000000000000000,0.00000000000000000,0.00000000000000000,0.00000000000000000,0.00000000000000000,0.00000000000000000,0.00000000000000000,-0.00000000000000000,0.00000000000000000,0.00000000000000000
-0.02851129820492102,0.00950495049695050,3948.37431593080418679,-3947.77259961910203856,0.00000000000000000,0.00475247524847525,0.00000000000000000,0.00000000000000000,0.00000000000000000,0.00000000000000000,0.00000000000000000,0.00475247524847525,0.00000000000000000,0.00000000000000000,0.00000000000000000,0.00000000000000000,0.00000000000000000,0.00000000000000000,0.00000000000000000,0.00000000000000000,0.00000000000000000,0.00000000000000000,0.00000000000000000,0.00000000000000000,0.00000000000000000,0.00000000000000000,0.00000000000000000,0.00000000000000000,0.00000000000000000,0.00000000000000000,-5344.55177202671711711,1781.85917270758045561,3563.71834176039874365,0.00000251136514103,0.00000000000000000,-0.00000000000000000,0.00000000000000000,0.00000000000000000,0.00000000000000000,0.00000000000000000,0.00000000000000000,-0.00000000000000000,0.00000000000000000,0.00000000000000000,0.00000000000000000,0.00000000000000000,0.00000000000000000,0.00000000000000000,0.00000000000000000,0.00000000000000000,0.00000000000000000,0.00000000000000000,0.00000000000000000,0.00000000000000000,0.00000000000000000,0.00000000000000000,0.00000000000000000,0.00000000000000000,0.00000000000000000,0.00000000000000000
804.15320266613821332,731.70924106670111087,-3947.77259961910203856,14256.36019498786663462,804.14845019088966183,-32459.06130772214237368,804.14845019088966183,804.14845019088966183,804.14845019088966183,804.14845019088966183,0.00000000000000000,-3947.78685526820436280,0.00475247524847525,0.00475247524847525,0.00475247524847525,0.00475247524847525,0.00000000000000000,0.00000000000000000,0.00000000000000000,0.00000000000000000,0.00000000000000000,0.00000000000000000,0.00000000000000000,0.00000000000000000,0.00000000000000000,0.00000000000000000,0.00000000000000000,804.14845019088966183,0.00000000000000000,0.00000000000000000,-0.00000000000000000,0.00000304589157480,0.00000236206137864,-1781.85918489011987731,-0.00000000000000000,1781.85917677921315772,-0.00000000000000000,-0.00000000000000000,-0.00000000000000000,-0.00000000000000000,0.00000000000000000,0.00000338780667288,-0.00000000000000000,-0.00000000000000000,-0.00000000000000000,-0.00000000000000000,0.00000000000000000,0.00000000000000000,0.00000000000000000,0.00000000000000000,0.00000000000000000,0.00000000000000000,0.00000000000000000,0.00000000000000000,0.00000000000000000,0.00000000000000000,0.00000000000000000,-0.00000000000000000,0.00000000000000000,0.00000000000000000
804.14845019088966183,-7164.34739048166647990,0.00000000000000000,804.14845019088966183,804.19121536208797352,804.15320266613821332,-0.02851129820492103,0.00000000000000000,0.00000000000000000,0.00000000000000000,0.00000000000000000,0.00000000000000000,0.00000000000000000,0.00000000000000000,0.00000000000000000,0.00000000000000000,0.00000000000000000,0.00000000000000000,0.00000000000000000,0.00000000000000000,0.00000000000000000,0.00000000000000000,0.00000000000000000,0.00000000000000000,0.00000000000000000,0.00000000000000000,0.00000000000000000,0.00000000000000000,0.00000000000000000,0.00000000000000000,-0.00000000000000000,0.00000251136514104,0.00000000000000000,-0.00000000000000000,-0.00000322174960112,-0.00000000000000000,-1781.32464498080867088,0.00000000000000000,0.00000000000000000,0.00000000000000000,0.00000000000000000,0.00000000000000000,0.00000000000000000,0.00000000000000000,0.00000000000000000,0.00000000000000000,0.00000000000000000,0.00000000000000000,0.00000000000000000,0.00000000000000000,0.00000000000000000,0.00000000000000000,0.00000000000000000,0.00000000000000000,0.00000000000000000,0.00000000000000000,0.00000000000000000,0.00000000000000000,0.00000000000000000,0.00000000000000000
804.14845019088966183,-36479.77979630034678848,0.00475247524847525,-32459.06130772214601166,804.15320266613821332,239174.11231494159437716,-5629.05815472287031298,-6433.19709996326309920,-1680.73135584629858386,-30119.62362236466287868,0.00475247524847525,0.00475247524847525,0.00000000000000000,0.00000000000000000,0.00000000000000000,0.00000000000000000,4752.47524847524800862,0.00000000000000000,0.00000000000000000,4752.47524847524800862,804.14845019088966183,804.14845019088966183,0.00000000000000000,0.00000000000000000,0.00000000000000000,0.00000000000000000,0.00475247524847525,-5629.05815413065738539,0.00000000000000000,0.00000000000000000,-0.00000000000000000,1781.85917655525850023,-0.00000000000000000,1781.85917655525850023,-0.00000000000000000,-1781.85920681863740356,-1781.51725478756975463,0.00000316384762638,-3563.37642715323499942,10691.15504077698642504,-0.00000000000000000,-0.00000000000000000,0.00000000000000000,0.00000000000000000,0.00000000000000000,0.00000000000000000,-0.00000000000000000,0.00000000000000000,0.00000000000000000,-0.00000000000000000,-0.00000000000000000,-0.00000000000000000,0.00000000000000000,0.00000000000000000,0.00000000000000000,0.00000000000000000,-0.00000000000000000,-1781.51725444565454382,0.00000000000000000,0.00000000000000000
0.00000000000000000,4752.48000095049701486,0.00000000000000000,4752.47524847524800862,-0.02851129820492102,-33263.20025414696283406,804.19121536208797352,804.14845019088966183,804.14845019088966183,804.14845019088966183,0.00000000000000000,0.00000000000000000,0.00000000000000000,0.00000000000000000,0.00000000000000000,0.00000000000000000,0.00000000000000000,0.00000000000000000,0.00000000000000000,0.00000000000000000,0.00000000000000000,0.00000000000000000,0.00000000000000000,0.00000000000000000,0.00000000000000000,0.00000000000000000,0.00000000000000000,804.14845019088966183,0.00000000000000000,0.00000000000000000,0.00000000000000000,-0.00000000000000000,0.00000000000000000,-0.00000000000000000,1781.85917453511547137,-1781.59190622085588984,1781.25004263119490133,-0.00000000000000000,-0.00000000000000000,-0.00000000000000000,0.00000000000000000,0.00000000000000000,0.00000000000000000,0.00000000000000000,0.00000000000000000,0.00000000000000000,0.00000000000000000,0.00000000000000000,0.00000000000000000,0.00000000000000000,0.00000000000000000,0.00000000000000000,0.00000000000000000,0.00000000000000000,0.00000000000000000,0.00000000000000000,0.00000000000000000,-0.00000000000000000,0.00000000000000000,0.00000000000000000
0.00000000000000000,4752.47524847524800862,0.00000000000000000,4752.47524847524800862,0.00000000000000000,-34067.33919938735925825,804.14845019088966183,5555.47737272979429690,804.14845019088966183,804.14845019088966183,0.00000000000000000,0.00000000000000000,0.00000000000000000,0.00000000000000000,0.00000000000000000,0.00000000000000000,0.00000000000000000,0.00000000000000000,0.00000000000000000,0.00000000000000000,0.00000000000000000,0.00000000000000000,0.00000000000000000,0.00000000000000000,0.00000000000000000,0.00000000000000000,0.00475247524847525,-0.02851070599049735,0.00000000000000000,0.00000000000000000,0.00000000000000000,-0.00000000000000000,0.00000000000000000,-0.00000000000000000,0.00000000000000000,0.00000353710608187,-0.00000000000000000,-1781.85917592932946718,-0.00000000000000000,-0.00000000000000000,0.00000000000000000,0.00000000000000000,0.00000000000000000,0.00000000000000000,0.00000000000000000,0.00000000000000000,0.00000000000000000,0.00000000000000000,0.00000000000000000,0.00000000000000000,0.00000000000000000,0.00000000000000000,0.00000000000000000,0.00000000000000000,0.00000000000000000,0.00000000000000000,-0.00000000000000000,0.00000216945004295,0.00000000000000000,0.00000000000000000
0.00000000000000000,4752.47524847524800862,0.00000000000000000,4752.47524847524800862,0.00000000000000000,-29314.87345527038633008,804.14845019088966183,804.14845019088966183,8699.69848599445867876,-22882.31133539174697944,-3947.76309585303306449,0.00000000000000000,0.00000000000000000,0.00000000000000000,0.00000000000000000,0.00000000000000000,4752.47524847524800862,0.00000000000000000,0.00000000000000000,4752.47524847524800862,804.14845019088966183,804.14845019088966183,0.00000000000000000,0.00000000000000000,0.00000000000000000,0.00000000000000000,0.00000000000000000,804.14845019088966183,0.00000000000000000,0.00000000000000000,0.00000000000000000,-0.00000000000000000,0.00000000000000000,-0.00000000000000000,0.00000000000000000,-3563.45107866117359663,-0.00000000000000000,-0.00000000000000000,-1782.46830643872772271,10691.15503970793906774,1781.85917446046391888,0.00000000000000000,0.00000000000000000,0.00000000000000000,0.00000000000000000,0.00000000000000000,-0.00000000000000000,0.00000000000000000,0.00000000000000000,-0.00000000000000000,-0.00000000000000000,-0.00000000000000000,0.00000000000000000,0.00000000000000000,0.00000000000000000,0.00000000000000000,0.00000000000000000,-0.00000000000000000,0.00000000000000000,0.00000000000000000
0.00000000000000000,4752.47524847524800862,0.00000000000000000,4752.47524847524800862,0.00000000000000000,-57753.76572178876085673,804.14845019088966183,804.14845019088966183,-22882.31133539175061742,144509.81631501228548586,0.00475247524847525,0.00000000000000000,0.00000000000000000,0.00000000000000000,0.00000000000000000,0.00475247524847525,-28511.31721999345245422,0.00000000000000000,0.00475247524847525,-32459.05180454828223446,-4824.90495264894616412,-4824.90970453198133328,0.00000000000000000,0.00475247524847525,0.00000000000000000,0.00000000000000000,0.00000000000000000,804.14845019088966183,0.00000000000000000,0.00000000000000000,0.00000000000000000,-0.00000000000000000,0.00000000000000000,-0.00000000000000000,0.00000000000000000,10691.15504085163411219,-0.00000000000000000,-0.00000000000000000,10691.15503948397781642,-58802.57097777668968774,-0.00000000000000000,0.00000000000000000,0.00000000000000000,0.00000000000000000,0.00000000000000000,-0.00000000000000000,0.00000289658440951,0.00000000000000000,-0.00000000000000000,1781.85917560416487504,1781.85917560416464767,-7126.14368037371605169,0.00000000000000000,1781.85917270758022823,0.00000000000000000,0.00000000000000000,0.00000000000000000,-0.00000000000000000,0.00000000000000000,0.00000000000000000
0.00000000000000000,0.00000000000000000,0.00000000000000000,0.00000000000000000,0.00000000000000000,0.00475247524847525,0.00000000000000000,0.00000000000000000,-3947.76309585303306449,0.00475247524847525,3948.34580581667341903,0.00000000000000000,0.00000000000000000,0.00000000000000000,0.00000000000000000,0.00000000000000000,0.00000000000000000,0.00000000000000000,0.00000000000000000,0.00000000000000000,0.00000000000000000,0.00000000000000000,0.00000000000000000,0.00000000000000000,0.00000000000000000,0.00000000000000000,0.00000000000000000,0.00000000000000000,0.00000000000000000,0.00000000000000000,0.00000000000000000,0.00000000000000000,0.00000000000000000,0.00000000000000000,0.00000000000000000,-0.00000000000000000,0.00000000000000000,0.00000000000000000,1781.85917460976770599,-0.00000000000000000,-1781.85917392583382934,0.00000000000000000,0.00000000000000000,0.00000000000000000,0.00000000000000000,0.00000000000000000,0.00000000000000000,0.00000000000000000,0.00000000000000000,0.00000000000000000,0.00000000000000000,0.00000000000000000,0.00000000000000000,0.00000000000000000,0.00000000000000000,0.00000000000000000,0.00000000000000000,0.00000000000000000,0.00000000000000000,0.00000000000000000
0.00000000000000000,0.00475247524847525,0.00475247524847525,-3947.78685526820436280,0.00000000000000000,0.00475247524847525,0.00000000000000000,0.00000000000000000,0.00000000000000000,0.00000000000000000,0.00000000000000000,8699.80301913180846896,-804.18171277991427814,-7895.50718358171616273,3948.27928004623163361,-804.18646466294842412,0.00475247524847525,0.00475247524847525,0.00000000000000000,0.00000000000000000,0.00000000000000000,0.00000000000000000,0.00475247524847525,0.00000000000000000,0.00000000000000000,0.00000000000000000,0.00000000000000000,0.00000000000000000,0.00000000000000000,0.00000000000000000,0.00000000000000000,-0.00000000000000000,-0.00000000000000000,0.00000331315479168,0.00000000000000000,-0.00000000000000000,0.00000000000000000,0.00000000000000000,0.00000000000000000,0.00000000000000000,0.00000000000000000,-3564.32749011059468103,0.00000228740949744,1782.12643828652312550,0.00000331315508603,0.00000262932459552,-0.00000000000000000,-0.00000000000000000,0.00000000000000000,0.00000000000000000,0.00000000000000000,0.00000000000000000,-0.00000000000000000,0.00000000000000000,0.00000000000000000,0.00000000000000000,0.00000000000000000,0.00000000000000000,0.00000000000000000,0.00000000000000000
0.00000000000000000,0.00000000000000000,0.00000000000000000,0.00475247524847525,0.00000000000000000,0.00000000000000000,0.00000000000000000,0.00000000000000000,0.00000000000000000,0.00000000000000000,0.00000000000000000,-804.18171277991427814,804.16270599795552698,0.00475247524847525,0.00475247524847525,0.00475247524847525,0.00000000000000000,0.00000000000000000,0.00000000000000000,0.00000000000000000,0.00000000000000000,0.00000000000000000,0.00000000000000000,0.00000000000000000,0.00000000000000000,0.00000000000000000,0.00000000000000000,0.00000000000000000,0.00000000000000000,0.00000000000000000,0.00000000000000000,0.00000000000000000,0.00000000000000000,-0.00000000000000000,0.00000000000000000,0.00000000000000000,0.00000000000000000,0.00000000000000000,0.00000000000000000,0.00000000000000000,0.00000000000000000,0.00000258601702223,-0.00000121825362849,-0.00000000000000000,-0.00000000000000000,-0.00000000000000000,0.00000000000000000,0.00000000000000000,0.00000000000000000,0.00000000000000000,0.00000000000000000,0.00000000000000000,0.00000000000000000,0.00000000000000000,0.00000000000000000,0.00000000000000000,0.00000000000000000,0.00000000000000000,0.00000000000000000,0.00000000000000000
0.00000000000000000,0.00000000000000000,0.00000000000000000,0.00475247524847525,0.00000000000000000,0.00000000000000000,0.00000000000000000,0.00000000000000000,0.00000000000000000,0.00000000000000000,0.00000000000000000,-7895.50718358171616273,0.00475247524847525,19736.94415453906549374,-11843.23701625350986433,0.00475247524847525,0.00000000000000000,0.00475247524847525,0.00000000000000000,0.00000000000000000,0.00000000000000000,0.00000000000000000,0.00475247524847525,0.00000000000000000,0.00000000000000000,0.00000000000000000,0.00000000000000000,0.00000000000000000,0.00000000000000000,0.00000000000000000,0.00000000000000000,0.00000000000000000,0.00000000000000000,-0.00000000000000000,0.00000000000000000,0.00000000000000000,0.00000000000000000,0.00000000000000000,0.00000000000000000,0.00000000000000000,0.00000000000000000,1782.20109031702372704,-0.00000000000000000,-5345.57752177750171541,3563.71834792652589385,-0.00000000000000000,0.00000000000000000,-0.00000000000000000,0.00000000000000000,0.00000000000000000,0.00000000000000000,0.00000000000000000,-0.00000000000000000,0.00000000000000000,0.00000000000000000,0.00000000000000000,0.00000000000000000,0.00000000000000000,0.00000000000000000,0.00000000000000000
0.00000000000000000,0.00000000000000000,0.00000000000000000,0.00475247524847525,0.00000000000000000,0.00000000000000000,0.00000000000000000,0.00000000000000000,0.00000000000000000,0.00000000000000000,0.00000000000000000,3948.27928004623163361,0.00475247524847525,-11843.23701625350986433,12648.07279955658304971,0.00475247524847525,0.00000000000000000,-3947.77259961910203856,3948.33155075960712566,0.00000000000000000,0.00000000000000000,0.00000000000000000,-1608.32541049555561585,804.14845019088966183,0.00000000000000000,0.00000000000000000,0.00000000000000000,0.00000000000000000,0.00000000000000000,0.00000000000000000,0.00000000000000000,0.00000000000000000,0.00000000000000000,-0.00000000000000000,0.00000000000000000,0.00000000000000000,0.00000000000000000,0.00000000000000000,0.00000000000000000,0.00000000000000000,0.00000000000000000,0.00000338780696723,-0.00000000000000000,3563.71834777722187937,-5345.57753030528056115,-0.00000000000000000,0.00000000000000000,0.68383187438697968,-1781.85917270758022823,0.00000000000000000,0.00000000000000000,0.00000000000000000,1781.85917506964187851,-0.00000000000000000,0.00000000000000000,0.00000000000000000,0.00000000000000000,0.00000000000000000,0.00000000000000000,0.00000000000000000
0.00000000000000000,0.00000000000000000,0.00000000000000000,0.00475247524847525,0.00000000000000000,0.00000000000000000,0.00000000000000000,0.00000000000000000,0.00000000000000000,0.00475247524847525,0.00000000000000000,-0.04276694730738154,0.00475247524847525,0.00475247524847525,0.00475247524847525,804.19121536208808720,-0.02851129820492103,0.00000000000000000,0.00000000000000000,0.00000000000000000,0.00000000000000000,0.00000000000000000,0.00000000000000000,0.00000000000000000,0.00000000000000000,0.00000000000000000,0.00000000000000000,0.00000000000000000,0.00000000000000000,0.00000000000000000,0.00000000000000000,0.00000000000000000,0.00000000000000000,-0.00000000000000000,0.00000000000000000,0.00000000000000000,0.00000000000000000,0.00000000000000000,0.00000000000000000,-0.00000000000000000,0.00000000000000000,1781.85917556086087643,-0.00000000000000000,-0.00000000000000000,-0.00000000000000000,1781.85916905281851541,-1781.51725612388258924,0.00000000000000000,0.00000000000000000,0.00000000000000000,0.00000000000000000,0.00000000000000000,0.00000000000000000,0.00000000000000000,0.00000000000000000,0.00000000000000000,0.00000000000000000,0.00000000000000000,0.00000000000000000,0.00000000000000000
0.00000000000000000,0.00000000000000000,0.00000000000000000,0.00000000000000000,0.00000000000000000,3948.33155075960712566,0.00000000000000000,0.00000000000000000,3948.33155075960712566,-23686.45503369960351847,0.00000000000000000,0.00475247524847525,0.00000000000000000,0.00000000000000000,0.00000000000000000,-0.02851129820492102,4752.51801364644597925,0.00000000000000000,0.00000000000000000,4752.47524847524800862,804.14845019088966183,804.14845019088966183,0.00000000000000000,0.00000000000000000,0.00000000000000000,0.00000000000000000,0.00000000000000000,0.00000000000000000,0.00000000000000000,0.00000000000000000,0.00000000000000000,0.00000000000000000,0.00000000000000000,0.00000000000000000,0.00000000000000000,-1781.85917270758022823,0.00000000000000000,0.00000000000000000,-1781.85917270758022823,10691.15503944067495468,0.00000000000000000,-0.00000000000000000,0.00000000000000000,0.00000000000000000,0.00000000000000000,-1781.59190793042716905,1781.25004263119490133,0.00000000000000000,0.00000000000000000,-0.00000000000000000,-0.00000000000000000,-0.00000000000000000,0.00000000000000000,0.00000000000000000,0.00000000000000000,0.00000000000000000,0.00000000000000000,0.00000000000000000,0.00000000000000000,0.00000000000000000
0.00000000000000000,0.00000000000000000,0.00000000000000000,0.00000000000000000,0.00000000000000000,0.00000000000000000,0.00000000000000000,0.00000000000000000,0.00000000000000000,0.00000000000000000,0.00000000000000000,0.00475247524847525,0.00000000000000000,0.00475247524847525,-3947.77259961910203856,0.00000000000000000,0.00000000000000000,4751.33367576415093936,-8699.64137812350418244,0.00475247524847525,0.00000000000000000,0.00000000000000000,0.00475247524847525,0.00000000000000000,0.00000000000000000,0.00000000000000000,0.00000000000000000,0.00000000000000000,0.00000000000000000,0.00000000000000000,0.00000000000000000,0.00000000000000000,0.00000000000000000,0.00000000000000000,0.00000000000000000,0.00000000000000000,0.00000000000000000,0.00000000000000000,0.00000000000000000,0.00000000000000000,0.00000000000000000,-0.00000000000000000,0.00000000000000000,-0.00000000000000000,0.53452841060158740,0.00000000000000000,0.00000000000000000,-2.43650934125719409,3563.71834724269592698,-0.00000000000000000,0.00000000000000000,0.00000000000000000,-0.00000000000000000,0.00000000000000000,0.00000000000000000,0.00000000000000000,0.00000000000000000,0.00000000000000000,0.00000000000000000,0.00000000000000000
0.00000000000000000,0.00000000000000000,0.00000000000000000,0.00000000000000000,0.00000000000000000,0.00000000000000000,0.00000000000000000,0.00000000000000000,0.00000000000000000,0.00475247524847525,0.00000000000000000,0.00000000000000000,0.00000000000000000,0.00000000000000000,0.00475247524847525,0.00000000000000000,0.00000000000000000,-804.17220901384598619,4752.51801364644597925,-0.02851129820492103,0.00000000000000000,0.00000000000000000,0.00000000000000000,0.00000000000000000,0.00000000000000000,0.00000000000000000,0.00000000000000000,0.00000000000000000,0.00000000000000000,0.00000000000000000,0.00000000000000000,0.00000000000000000,0.00000000000000000,0.00000000000000000,0.00000000000000000,0.00000000000000000,0.00000000000000000,0.00000000000000000,0.00000000000000000,-0.00000000000000000,0.00000000000000000,0.00000000000000000,0.00000000000000000,0.00000000000000000,-0.00000000000001277,0.00000000000000000,0.00000000000000000,0.68383133986082079,-0.00000365476185593,-1781.51725612388258924,0.00000000000000000,0.00000000000000000,0.00000000000000000,0.00000000000000000,0.00000000000000000,0.00000000000000000,0.00000000000000000,0.00000000000000000,0.00000000000000000,0.00000000000000000
0.00000000000000000,0.00000000000000000,0.00000000000000000,0.00000000000000000,0.00000000000000000,3948.33155075960712566,0.00000000000000000,0.00000000000000000,3948.33155075960712566,-23686.45503369960351847,0.00000000000000000,0.00000000000000000,0.00000000000000000,0.00000000000000000,0.00000000000000000,0.00000000000000000,4752.47524847524800862,0.00475247524847525,-0.02851129820492102,8700.84481193080500816,804.14845019088966183,804.14845019088966183,0.00000000000000000,0.00000000000000000,0.00000000000000000,0.00000000000000000,0.00000000000000000,0.00000000000000000,0.00000000000000000,0.00000000000000000,0.00000000000000000,0.00000000000000000,0.00000000000000000,0.00000000000000000,0.00000000000000000,-1781.85917270758022823,0.00000000000000000,0.00000000000000000,-1781.85917270758022823,8909.63778148925848654,0.00000000000000000,0.00000000000000000,0.00000000000000000,0.00000000000000000,0.00000000000000000,0.00000000000000000,-0.00000000000000000,-0.00000000000000000,-1781.59190793042716905,-0.60913007638550987,-0.00000000000000000,-0.00000000000000000,0.00000000000000000,0.00000000000000000,0.00000000000000000,0.00000000000000000,0.00000000000000000,0.00000000000000000,0.00000000000000000,0.00000000000000000
0.00000000000000000,0.00000000000000000,0.00000000000000000,0.00000000000000000,0.00000000000000000,3948.33155075960712566,0.00000000000000000,0.00000000000000000,3948.33155075960712566,-24490.59397893999630469,0.00000000000000000,0.00000000000000000,0.00000000000000000,0.00000000000000000,0.00000000000000000,0.00000000000000000,4752.47524847524800862,0.00000000000000000,0.00000000000000000,4752.47524847524800862,1608.33491307772897017,-0.02851070599049734,0.00000000000000000,0.00475247524847525,0.00000000000000000,0.00000000000000000,0.00000000000000000,0.00000000000000000,0.00000000000000000,0.00000000000000000,0.00000000000000000,0.00000000000000000,0.00000000000000000,0.00000000000000000,0.00000000000000000,-1781.85917270758022823,0.00000000000000000,0.00000000000000000,-1781.85917270758022823,12473.01421214825495554,0.00000000000000000,0.00000000000000000,0.00000000000000000,0.00000000000000000,0.00000000000000000,0.00000000000000000,-0.00000000000000000,0.00000000000000000,0.00000000000000000,-0.00000000000000000,1781.85916905281851541,-5344.55177168480349792,0.00000000000000000,1781.85917270758022823,0.00000000000000000,0.00000000000000000,0.00000000000000000,0.00000000000000000,0.00000000000000000,0.00000000000000000
0.00000000000000000,0.00000000000000000,0.00000000000000000,0.00000000000000000,0.00000000000000000,3948.33155075960712566,0.00000000000000000,0.00000000000000000,3948.33155075960712566,-23686.45503310738786240,0.00000000000000000,0.00000000000000000,0.00000000000000000,0.00000000000000000,0.00000000000000000,0.00000000000000000,4752.47524847524800862,0.00000000000000000,0.00000000000000000,4752.47524847524800862,-0.02851070599049735,2412.51662348931859015,0.00475247524847525,-804.18171277991427814,0.00475247524847525,0.00000000000000000,0.00000000000000000,0.00000000000000000,0.00000000000000000,0.00000000000000000,0.00000000000000000,0.00000000000000000,0.00000000000000000,0.00000000000000000,0.00000000000000000,-1781.85917270758022823,0.00000000000000000,0.00000000000000000,-1781.85917270758022823,3564.86205248263604517,0.00000000000000000,0.00000000000000000,0.00000000000000000,0.00000000000000000,0.00000000000000000,0.00000000000000000,-0.00000000000000000,0.00000000000000000,0.00000000000000000,-0.00000000000000000,-5344.77572717908788036,17813.10958197166837635,-0.00000000000000000,-5344.77572683717244217,-0.00000000000000000,0.00000000000000000,0.00000000000000000,0.00000000000000000,0.00000000000000000,0.00000000000000000
0.00000000000000000,0.00000000000000000,0.00000000000000000,0.00000000000000000,0.00000000000000000,0.00000000000000000,0.00000000000000000,0.00000000000000000,0.00000000000000000,0.00000000000000000,0.00000000000000000,0.00475247524847525,0.00000000000000000,0.00475247524847525,-1608.32541049555561585,0.00000000000000000,0.00000000000000000,0.00475247524847525,0.00000000000000000,0.00000000000000000,0.00000000000000000,0.00475247524847525,3216.62230850901050871,-1608.32065861252112882,0.00475247524847525,0.00000000000000000,0.00000000000000000,0.00000000000000000,0.00000000000000000,0.00000000000000000,0.00000000000000000,0.00000000000000000,0.00000000000000000,0.00000000000000000,0.00000000000000000,0.00000000000000000,0.00000000000000000,0.00000000000000000,0.00000000000000000,0.00000000000000000,0.00000000000000000,-0.00000000000000000,0.00000000000000000,-0.00000000000000000,1781.85917521894566562,0.00000000000000000,0.00000000000000000,-0.00000000000000000,0.00000000000000000,0.00000000000000000,0.00000000000000000,-0.00000000000000000,-0.00000365476173688,-1781.51725578196737843,-0.00000000000000000,0.00000000000000000,0.00000000000000000,0.00000000000000000,0.00000000000000000,0.00000000000000000
0.00000000000000000,0.00000000000000000,0.00000000000000000,0.00000000000000000,0.00000000000000000,0.00000000000000000,0.00000000000000000,0.00000000000000000,0.00000000000000000,0.00475247524847525,0.00000000000000000,0.00000000000000000,0.00000000000000000,0.00000000000000000,804.14845019088966183,0.00000000000000000,0.00000000000000000,0.00000000000000000,0.00000000000000000,0.00000000000000000,0.00475247524847525,-804.18171277991427814,-1608.32065861252112882,2412.51662348931904489,-804.18171277991427814,0.00475247524847525,0.00475247524847525,0.00000000000000000,0.00000000000000000,0.00000000000000000,0.00000000000000000,0.00000000000000000,0.00000000000000000,0.00000000000000000,0.00000000000000000,0.00000000000000000,0.00000000000000000,0.00000000000000000,0.00000000000000000,1781.85917270758022823,0.00000000000000000,0.00000000000000000,0.00000000000000000,0.00000000000000000,-0.00000000000000000,0.00000000000000000,0.00000000000000000,0.00000000000000000,0.00000000000000000,0.00000000000000000,1781.85917270758022823,-5344.55177141754029435,-1781.59190766316373811,3563.10921168401273462,0.00000243671325984,-0.00000000000000000,-0.00000000000000000,0.00000000000000000,0.00000000000000000,0.00000000000000000
0.00000000000000000,0.00000000000000000,0.00000000000000000,0.00000000000000000,0.00000000000000000,0.00000000000000000,0.00000000000000000,0.00000000000000000,0.00000000000000000,0.00000000000000000,0.00000000000000000,0.00000000000000000,0.00000000000000000,0.00000000000000000,0.00000000000000000,0.00000000000000000,0.00000000000000000,0.00000000000000000,0.00000000000000000,0.00000000000000000,0.00000000000000000,0.00475247524847525,0.00475247524847525,-804.18171277991427814,5555.51538617574169621,-0.02851129820492102,-7164.35214236470073956,804.14845019088966183,804.14845019088966183,804.14845019088966183,0.00000000000000000,0.00000000000000000,0.00000000000000000,0.00000000000000000,0.00000000000000000,0.00000000000000000,0.00000000000000000,0.00000000000000000,0.00000000000000000,0.00000000000000000,0.00000000000000000,0.00000000000000000,0.00000000000000000,0.00000000000000000,0.00000000000000000,0.00000000000000000,0.00000000000000000,0.00000000000000000,0.00000000000000000,0.00000000000000000,0.00000000000000000,-0.00000000000000000,-0.00000000000000000,0.00000243671325984,-0.00000730952354924,-1781.51725619853436910,1781.85917548620909656,-0.00000000000000000,-0.00000000000000000,-0.00000000000000000
0.00000000000000000,0.00000000000000000,0.00000000000000000,0.00000000000000000,0.00000000000000000,0.00000000000000000,0.00000000000000000,0.00000000000000000,0.00000000000000000,0.00000000000000000,0.00000000000000000,0.00000000000000000,0.00000000000000000,0.00000000000000000,0.00000000000000000,0.00000000000000000,0.00000000000000000,0.00000000000000000,0.00000000000000000,0.00000000000000000,0.00000000000000000,0.00000000000000000,0.00000000000000000,0.00475247524847525,-0.02851129820492102,0.01900753231501772,0.00475247524847525,0.00000000000000000,0.00000000000000000,0.00000000000000000,0.00000000000000000,0.00000000000000000,0.00000000000000000,0.00000000000000000,0.00000000000000000,0.00000000000000000,0.00000000000000000,0.00000000000000000,0.00000000000000000,0.00000000000000000,0.00000000000000000,0.00000000000000000,0.00000000000000000,0.00000000000000000,0.00000000000000000,0.00000000000000000,0.00000000000000000,0.00000000000000000,0.00000000000000000,0.00000000000000000,0.00000000000000000,0.00000000000000000,0.00000000000000000,-0.00000000000000000,-1781.59190785577516181,1781.25004506770301305,-0.00000000000000000,0.00000000000000000,0.00000000000000000,0.00000000000000000
0.00000000000000000,0.00000000000000000,0.00000000000000000,0.00000000000000000,0.00000000000000000,0.00475247524847525,0.00000000000000000,0.00475247524847525,0.00000000000000000,0.00000000000000000,0.00000000000000000,0.00000000000000000,0.00000000000000000,0.00000000000000000,0.00000000000000000,0.00000000000000000,0.00000000000000000,0.00000000000000000,0.00000000000000000,0.00000000000000000,0.00000000000000000,0.00000000000000000,0.00000000000000000,0.00475247524847525,-7164.35214236470073956,0.00475247524847525,20761.90146700685363612,-3216.61755780987186881,-3216.60805345158996715,-7164.34263800641838316,0.00000000000000000,0.00000000000000000,0.00000000000000000,0.00000000000000000,0.00000000000000000,-0.00000000000000000,0.00000000000000000,-0.00000000000000000,0.00000000000000000,0.00000000000000000,0.00000000000000000,0.00000000000000000,0.00000000000000000,0.00000000000000000,0.00000000000000000,0.00000000000000000,0.00000000000000000,0.00000000000000000,0.00000000000000000,0.00000000000000000,0.00000000000000000,0.00000000000000000,0.00000000000000000,-0.00000000000000000,1781.85917541155708932,-0.00000000000000000,-3563.71835759770101504,0.00000270397647672,0.00000236206137864,1781.85917506964187851
0.00000000000000000,4752.47524847524800862,0.00000000000000000,4752.47524847524800862,0.00000000000000000,-33263.20025355474354001,804.14845019088966183,-3143.61939754517834444,804.14845019088966183,804.14845019088966183,0.00000000000000000,0.00000000000000000,0.00000000000000000,0.00000000000000000,0.00000000000000000,0.00000000000000000,0.00000000000000000,0.00000000000000000,0.00000000000000000,0.00000000000000000,0.00000000000000000,0.00000000000000000,0.00000000000000000,0.00000000000000000,804.14845019088966183,0.00000000000000000,-3216.61755780987186881,2412.51662348931904489,804.14845019088966183,804.14845019088966183,0.00000000000000000,-0.00000000000000000,0.00000000000000000,-0.00000000000000000,0.00000000000000000,0.00000380436929875,-0.00000000000000000,1781.85917480237890231,-0.00000000000000000,-0.00000000000000000,0.00000000000000000,0.00000000000000000,0.00000000000000000,0.00000000000000000,0.00000000000000000,0.00000000000000000,0.00000000000000000,0.00000000000000000,0.00000000000000000,0.00000000000000000,0.00000000000000000,0.00000000000000000,0.00000000000000000,0.00000000000000000,-0.00000000000000000,0.00000000000000000,0.00000277862835791,1781.25003897643318851,-0.00000000000000000,-0.00000000000000000
0.00000000000000000,0.00000000000000000,0.00000000000000000,0.00000000000000000,0.00000000000000000,0.00000000000000000,0.00000000000000000,0.00000000000000000,0.00000000000000000,0.00000000000000000,0.00000000000000000,0.00000000000000000,0.00000000000000000,0.00000000000000000,0.00000000000000000,0.00000000000000000,0.00000000000000000,0.00000000000000000,0.00000000000000000,0.00000000000000000,0.00000000000000000,0.00000000000000000,0.00000000000000000,0.00000000000000000,804.14845019088966183,0.00000000000000000,-3216.60805345158996715,804.14845019088966183,804.19121536208797352,804.11993889268478597,0.00000000000000000,0.00000000000000000,0.00000000000000000,0.00000000000000000,0.00000000000000000,0.00000000000000000,0.00000000000000000,0.00000000000000000,0.00000000000000000,0.00000000000000000,0.00000000000000000,0.00000000000000000,0.00000000000000000,0.00000000000000000,0.00000000000000000,0.00000000000000000,0.00000000000000000,0.00000000000000000,0.00000000000000000,0.00000000000000000,0.00000000000000000,0.00000000000000000,0.00000000000000000,0.00000000000000000,-0.00000000000000000,0.00000000000000000,0.00000251136514104,-0.00000000000000000,1781.25004263119512871,-1781.59190793042739642
0.00000000000000000,0.00000000000000000,0.00000000000000000,0.00000000000000000,0.00000000000000000,0.00000000000000000,0.00000000000000000,0.00000000000000000,0.00000000000000000,0.00000000000000000,0.00000000000000000,0.00000000000000000,0.00000000000000000,0.00000000000000000,0.00000000000000000,0.00000000000000000,0.00000000000000000,0.00000000000000000,0.00000000000000000,0.00000000000000000,0.00000000000000000,0.00000000000000000,0.00000000000000000,0.00000000000000000,804.14845019088966183,0.00000000000000000,-7164.34263800641838316,804.14845019088966183,804.11993889268478597,4752.51801364644597925,0.00000000000000000,0.00000000000000000,0.00000000000000000,0.00000000000000000,0.00000000000000000,0.00000000000000000,0.00000000000000000,0.00000000000000000,0.00000000000000000,0.00000000000000000,0.00000000000000000,0.00000000000000000,0.00000000000000000,0.00000000000000000,0.00000000000000000,0.00000000000000000,0.00000000000000000,0.00000000000000000,0.00000000000000000,0.00000000000000000,0.00000000000000000,0.00000000000000000,0.00000000000000000,0.00000000000000000,-0.00000000000000000,0.00000000000000000,1781.85917521894566562,-0.00000000000000000,-1781.51725612388236186,-0.00000322174960402
-3563.71834863690992279,8909.29586589996324619,0.00000182753494488,-1781.85917270758022823,-1781.85917270758022823,-1781.85917270758022823,0.00000000000000000,0.00000000000000000,0.00000000000000000,0.00000000000000000,0.00000000000000000,0.00000000000000000,0.00000000000000000,0.00000000000000000,0.00000000000000000,0.00000000000000000,0.00000000000000000,0.00000000000000000,0.00000000000000000,0.00000000000000000,0.00000000000000000,0.00000000000000000,0.00000000000000000,0.00000000000000000,0.00000000000000000,0.00000000000000000,0.00000000000000000,0.00000000000000000,0.00000000000000000,0.00000000000000000,4019.22311616475553819,-1608.01680532702039272,-2411.99669406486691514,0.00950495049695050,0.00475247524847525,0.00475247524847525,0.00000000000000000,0.00000000000000000,0.00000000000000000,0.00000000000000000,0.00000000000000000,0.00000000000000000,0.00000000000000000,0.00000000000000000,0.00000000000000000,0.00000000000000000,0.00000000000000000,0.00000000000000000,0.00000000000000000,0.00000000000000000,0.00000000000000000,0.00000000000000000,0.00000000000000000,0.00000000000000000,0.00000000000000000,0.00000000000000000,0.00000000000000000,0.00000000000000000,0.00000000000000000,0.00000000000000000
8909.29586604926589644,-30291.60594821140330168,-0.00000000000000000,8909.29586658379412256,7127.43669334168680507,7129.30753192243173544,-1781.85917270758000086,-1781.85917270758022823,-1781.85917270758022823,-1781.85917270758022823,0.00000000000000000,-0.00000000000000000,0.00000000000000000,0.00000000000000000,0.00000000000000000,0.00000000000000000,0.00000000000000000,0.00000000000000000,0.00000000000000000,0.00000000000000000,0.00000000000000000,0.00000000000000000,0.00000000000000000,0.00000000000000000,0.00000000000000000,0.00000000000000000,0.00000000000000000,-1781.85917270758022823,0.00000000000000000,0.00000000000000000,-1608.01680532702039272,4752.60355913536750450,804.15320266613821332,-0.04277073419137512,-804.02741194728616847,-3948.38382598138377944,804.15320266613821332,0.00475247524847525,0.00475247524847525,0.00475247524847525,0.00000000000000000,0.00475247524847525,0.00000000000000000,0.00000000000000000,0.00000000000000000,0.00000000000000000,0.00000000000000000,0.00000000000000000,0.00000000000000000,0.00000000000000000,0.00000000000000000,0.00000000000000000,0.00000000000000000,0.00000000000000000,0.00000000000000000,0.00000000000000000,0.00000000000000000,0.00475247524847525,0.00000000000000000,0.00000000000000000
0.00000182753494488,-0.00000000000000000,1781.85916905281851541,-1781.59190739590076191,0.00000000000000000,-0.00000000000000000,0.00000000000000000,0.00000000000000000,0.00000000000000000,0.00000000000000000,0.00000000000000000,-0.00000000000000000,0.00000000000000000,0.00000000000000000,0.00000000000000000,0.00000000000000000,0.00000000000000000,0.00000000000000000,0.00000000000000000,0.00000000000000000,0.00000000000000000,0.00000000000000000,0.00000000000000000,0.00000000000000000,0.00000000000000000,0.00000000000000000,0.00000000000000000,0.00000000000000000,0.00000000000000000,0.00000000000000000,-2411.99669406486691514,804.15320266613821332,1608.33491833229140866,-0.03801856755188029,0.00000000000000000,0.00475247524847525,0.00000000000000000,0.00000000000000000,0.00000000000000000,0.00000000000000000,0.00000000000000000,0.00475247524847525,0.00000000000000000,0.00000000000000000,0.00000000000000000,0.00000000000000000,0.00000000000000000,0.00000000000000000,0.00000000000000000,0.00000000000000000,0.00000000000000000,0.00000000000000000,0.00000000000000000,0.00000000000000000,0.00000000000000000,0.00000000000000000,0.00000000000000000,0.00000000000000000,0.00000000000000000,0.00000000000000000
-1781.85917270758022823,8909.29586658379412256,-1781.51725544005239499,-0.60913860416403509,-1781.85917270758022823,-1779.98833161547145210,-1781.85917270758022823,-1781.85917270758022823,-1781.85917270758022823,-1781.85917270758022823,0.00000000000000000,-1781.59190644480713672,-0.00000000000000000,-0.00000000000000000,-0.00000000000000000,-0.00000000000000000,0.00000000000000000,0.00000000000000000,0.00000000000000000,0.00000000000000000,0.00000000000000000,0.00000000000000000,0.00000000000000000,0.00000000000000000,0.00000000000000000,0.00000000000000000,0.00000000000000000,-1781.85917270758022823,0.00000000000000000,0.00000000000000000,0.00950495049695050,-0.04277073419137512,-0.03801856755188029,3948.45986141972571204,0.00475247524847525,-3948.38382598138377944,0.00475247524847525,0.00475247524847525,0.00475247524847525,0.00475247524847525,0.00000000000000000,-0.05227553038383541,0.00475247524847525,0.00475247524847525,0.00475247524847525,0.00475247524847525,0.00000000000000000,0.00000000000000000,0.00000000000000000,0.00000000000000000,0.00000000000000000,0.00000000000000000,0.00000000000000000,0.00000000000000000,0.00000000000000000,0.00000000000000000,0.00000000000000000,0.00475247524847525,0.00000000000000000,0.00000000000000000
-1781.85917270758022823,5345.91943524096495821,0.00000000000000000,-1781.85917270758022823,-1781.85917636234194106,-1781.85917270758022823,0.00000182753494488,0.00000000000000000,0.00000000000000000,0.00000000000000000,0.00000000000000000,0.00000000000000000,0.00000000000000000,0.00000000000000000,0.00000000000000000,0.00000000000000000,0.00000000000000000,0.00000000000000000,0.00000000000000000,0.00000000000000000,0.00000000000000000,0.00000000000000000,0.00000000000000000,0.00000000000000000,0.00000000000000000,0.00000000000000000,0.00000000000000000,0.00000000000000000,0.00000000000000000,0.00000000000000000,0.00475247524847525,-0.03801856755188029,0.00000000000000000,0.00475247524847525,4752.51801915100804763,0.00950495049695050,-5556.33409896949069662,0.00000000000000000,0.00000000000000000,0.00000000000000000,0.00000000000000000,0.00000000000000000,0.00000000000000000,0.00000000000000000,0.00000000000000000,0.00000000000000000,0.00000000000000000,0.00000000000000000,0.00000000000000000,0.00000000000000000,0.00000000000000000,0.00000000000000000,0.00000000000000000,0.00000000000000000,0.00000000000000000,0.00000000000000000,0.00000000000000000,0.00000000000000000,0.00000000000000000,0.00000000000000000
-1781.85917270758022823,7129.83009384170327394,-0.00000000000000000,-1779.46576969619695774,-1781.85917270758022823,-3593.56551990090474646,12473.01421249016857473,14254.87338519774857559,14254.87338546501450764,3565.32192431613566441,-0.00000000000000000,-0.00000000000000000,0.00000000000000000,0.00000000000000000,0.00000000000000000,0.00000000000000000,0.00000000000002099,0.00000000000000000,0.00000000000000000,0.00000000000002099,-1781.85917270758022823,-1781.85917270758022823,0.00000000000000000,0.00000000000000000,0.00000000000000000,0.00000000000000000,-0.00000000000000000,12473.01421275743268779,0.00000000000000000,0.00000000000000000,0.00475247524847525,-3948.38382598138377944,0.00475247524847525,-3948.38382598138377944,0.00950495049695050,13453.60044627132992900,-804.04166891012005181,-0.04752305513732482,3144.28512952854271134,-23690.02732204506537528,0.00475247524847525,0.00475247524847525,0.00000000000000000,0.00000000000000000,0.00000000000000000,0.00000000000000000,0.00475247524847525,0.00000000000000000,0.00000000000000000,0.00475247524847525,0.00475247524847525,0.00475247524847525,0.00000000000000000,0.00000000000000000,0.00000000000000000,0.00000000000000000,0.00475247524847525,-804.04166875581552176,0.00000000000000000,0.00000000000000000
0.00000000000000000,0.00000000000024836,0.00000000000000000,0.00000000000002099,0.00000182753494488,1.87084040827946918,-1781.85917636234194106,-1781.85917270758022823,-1781.85917270758022823,-1781.85917270758022823,0.00000000000000000,0.00000000000000000,0.00000000000000000,0.00000000000000000,0.00000000000000000,0.00000000000000000,0.00000000000000000,0.00000000000000000,0.00000000000000000,0.00000000000000000,0.00000000000000000,0.00000000000000000,0.00000000000000000,0.00000000000000000,0.00000000000000000,0.00000000000000000,0.00000000000000000,-1781.85917270758022823,0.00000000000000000,0.00000000000000000,0.00000000000000000,0.00950495049695050,0.00000000000000000,0.00475247524847525,-3948.35531221002247548,-804.04166891012005181,5556.35313755375682376,0.00475247524847525,0.00475247524847525,0.00475247524847525,0.00000000000000000,0.00000000000000000,0.00000000000000000,0.00000000000000000,0.00000000000000000,0.00000000000000000,0.00000000000000000,0.00000000000000000,0.00000000000000000,0.00000000000000000,0.00000000000000000,0.00000000000000000,0.00000000000000000,0.00000000000000000,0.00000000000000000,0.00000000000000000,0.00000000000000000,0.00475247524847525,0.00000000000000000,0.00000000000000000
0.00000000000000000,0.00000000000002099,0.00000000000000000,0.00000000000002099,0.00000000000000000,1783.73001311586017437,-1781.85917270758022823,-1782.46830278396555514,-1781.85917270758022823,-1781.85917270758022823,0.00000000000000000,0.00000000000000000,0.00000000000000000,0.00000000000000000,0.00000000000000000,0.00000000000000000,0.00000000000000000,0.00000000000000000,0.00000000000000000,0.00000000000000000,0.00000000000000000,0.00000000000000000,0.00000000000000000,0.00000000000000000,0.00000000000000000,0.00000000000000000,-0.00000000000000000,0.00000209479816312,0.00000000000000000,0.00000000000000000,0.00000000000000000,0.00475247524847525,0.00000000000000000,0.00475247524847525,0.00000000000000000,-0.04752305513732482,0.00475247524847525,3948.37432143536580043,0.00475247524847525,0.00475247524847525,0.00000000000000000,0.00000000000000000,0.00000000000000000,0.00000000000000000,0.00000000000000000,0.00000000000000000,0.00000000000000000,0.00000000000000000,0.00000000000000000,0.00000000000000000,0.00000000000000000,0.00000000000000000,0.00000000000000000,0.00000000000000000,0.00000000000000000,0.00000000000000000,0.00475247524847525,-0.02851377135942001,0.00000000000000000,0.00000000000000000
0.00000000000000000,0.00000000000002099,0.00000000000000000,0.00000000000002099,0.00000000000000000,1783.73001345777493043,-1781.85917270758022823,-1781.85917270758022823,1781.25003897643318851,-12471.41063141974336759,-1781.51725604923035462,0.00000000000000000,0.00000000000000000,0.00000000000000000,0.00000000000000000,0.00000000000000000,0.00000000000002099,0.00000000000000000,0.00000000000000000,0.00000000000002099,-1781.85917270758022823,-1781.85917270758022823,0.00000000000000000,0.00000000000000000,0.00000000000000000,0.00000000000000000,0.00000000000000000,-1781.85917270758022823,0.00000000000000000,0.00000000000000000,0.00000000000000000,0.00475247524847525,0.00000000000000000,0.00475247524847525,0.00000000000000000,3144.28512952854271134,0.00475247524847525,0.00475247524847525,8700.57425607298500836,-23690.00831276128883474,-3948.35531221002202074,0.00000000000000000,0.00000000000000000,0.00000000000000000,0.00000000000000000,0.00000000000000000,0.00475247524847525,0.00000000000000000,0.00000000000000000,0.00475247524847525,0.00475247524847525,0.00475247524847525,0.00000000000000000,0.00000000000000000,0.00000000000000000,0.00000000000000000,0.00000000000000000,0.00475247524847525,0.00000000000000000,0.00000000000000000
0.00000000000000000,0.00000000000002099,0.00000000000000000,0.00000000000002099,0.00000000000000000,-8905.37353757837445301,-1781.85917270758022823,-1781.85917270758022823,-12470.96272130701436254,58779.42416911822510883,-0.00000000000000000,0.00000000000000000,0.00000000000000000,0.00000000000000000,0.00000000000000000,-0.00000000000000000,2.05148737878556497,0.00000000000000000,-0.00000000000000000,-1779.46577057263084498,10691.15503944067495468,10691.15503970793906774,0.00000000000000000,-0.00000000000000000,0.00000000000000000,0.00000000000000000,0.00000000000000000,-1781.85917270758022823,0.00000000000000000,0.00000000000000000,0.00000000000000000,0.00475247524847525,0.00000000000000000,0.00475247524847525,0.00000000000000000,-23690.02732204506537528,0.00475247524847525,0.00475247524847525,-23690.00831276128883474,144551.83529396116500720,0.00475247524847525,0.00000000000000000,0.00000000000000000,0.00000000000000000,0.00000000000000000,0.00475247524847525,-0.04752320944181503,0.00000000000000000,0.00475247524847525,-3948.37432149380083501,804.10092698144785572,-3216.00509657407474151,0.00000000000000000,804.14845019088966183,0.00000000000000000,0.00000000000000000,0.00000000000000000,0.00475247524847525,0.00000000000000000,0.00000000000000000
0.00000000000000000,0.00000000000000000,0.00000000000000000,0.00000000000000000,0.00000000000000000,-0.00000000000000000,0.00000000000000000,0.00000000000000000,-1781.59190800507872154,-0.00000000000000000,1781.85917148932685450,0.00000000000000000,0.00000000000000000,0.00000000000000000,0.00000000000000000,0.00000000000000000,0.00000000000000000,0.00000000000000000,0.00000000000000000,0.00000000000000000,0.00000000000000000,0.00000000000000000,0.00000000000000000,0.00000000000000000,0.00000000000000000,0.00000000000000000,0.00000000000000000,0.00000000000000000,0.00000000000000000,0.00000000000000000,0.00000000000000000,0.00000000000000000,0.00000000000000000,0.00000000000000000,0.00000000000000000,0.00475247524847525,0.00000000000000000,0.00000000000000000,-3948.35531221002202074,0.00475247524847525,3948.34580756819286762,0.00000000000000000,0.00000000000000000,0.00000000000000000,0.00000000000000000,0.00000000000000000,0.00000000000000000,0.00000000000000000,0.00000000000000000,0.00000000000000000,0.00000000000000000,0.00000000000000000,0.00000000000000000,0.00000000000000000,0.00000000000000000,0.00000000000000000,0.00000000000000000,0.00000000000000000,0.00000000000000000,0.00000000000000000
0.00000000000000000,-0.00000000000000000,-0.00000000000000000,-1781.51725456361077704,0.00000000000000000,-0.00000000000000000,0.00000000000000000,0.00000000000000000,0.00000000000000000,0.00000000000000000,0.00000000000000000,1781.25002801214600368,1781.85917529359790024,-3563.18381666264440355,1781.85917609538705619,1781.85917556086087643,-0.00000000000000000,-0.00000000000000000,0.00000000000000000,0.00000000000000000,0.00000000000000000,0.00000000000000000,-0.00000000000000000,0.00000000000000000,0.00000000000000000,0.00000000000000000,0.00000000000000000,0.00000000000000000,0.00000000000000000,0.00000000000000000,0.00000000000000000,0.00475247524847525,0.00475247524847525,-0.05227553038383540,0.00000000000000000,0.00475247524847525,0.00000000000000000,0.00000000000000000,0.00000000000000000,0.00000000000000000,0.00000000000000000,12649.00560325838341669,-0.03801856755188029,-8700.68100836170015100,-0.04752305513476642,-0.04277088849586533,0.00475247524847525,0.00475247524847525,0.00000000000000000,0.00000000000000000,0.00000000000000000,0.00000000000000000,0.00475247524847525,0.00000000000000000,0.00000000000000000,0.00000000000000000,0.00000000000000000,0.00000000000000000,0.00000000000000000,0.00000000000000000
0.00000000000000000,0.00000000000000000,0.00000000000000000,-0.00000000000000000,0.00000000000000000,0.00000000000000000,0.00000000000000000,0.00000000000000000,0.00000000000000000,0.00000000000000000,0.00000000000000000,1781.85917499499032601,-1781.85917349282158284,-0.00000000000000000,-0.00000000000000000,-0.00000000000000000,0.00000000000000000,0.00000000000000000,0.00000000000000000,0.00000000000000000,0.00000000000000000,0.00000000000000000,0.00000000000000000,0.00000000000000000,0.00000000000000000,0.00000000000000000,0.00000000000000000,0.00000000000000000,0.00000000000000000,0.00000000000000000,0.00000000000000000,0.00000000000000000,0.00000000000000000,0.00475247524847525,0.00000000000000000,0.00000000000000000,0.00000000000000000,0.00000000000000000,0.00000000000000000,0.00000000000000000,0.00000000000000000,-0.03801856755188029,0.01900928383540805,0.00475247524847525,0.00475247524847525,0.00475247524847525,0.00000000000000000,0.00000000000000000,0.00000000000000000,0.00000000000000000,0.00000000000000000,0.00000000000000000,0.00000000000000000,0.00000000000000000,0.00000000000000000,0.00000000000000000,0.00000000000000000,0.00000000000000000,0.00000000000000000,0.00000000000000000
0.00000000000000000,0.00000000000000000,0.00000000000000000,-0.00000000000000000,0.00000000000000000,0.00000000000000000,0.00000000000000000,0.00000000000000000,0.00000000000000000,0.00000000000000000,0.00000000000000000,-3563.03451327351058353,-0.00000000000000000,8906.85935419664565416,-5344.62642329873597191,-0.00000000000000000,0.00000000000000000,-0.00000000000000000,0.00000000000000000,0.00000000000000000,0.00000000000000000,0.00000000000000000,-0.00000000000000000,0.00000000000000000,0.00000000000000000,0.00000000000000000,0.00000000000000000,0.00000000000000000,0.00000000000000000,0.00000000000000000,0.00000000000000000,0.00000000000000000,0.00000000000000000,0.00475247524847525,0.00000000000000000,0.00000000000000000,0.00000000000000000,0.00000000000000000,0.00000000000000000,0.00000000000000000,0.00000000000000000,-8700.68100836170015100,0.00475247524847525,16597.49841375408868771,-7896.68686266102122318,0.00475247524847525,0.00000000000000000,0.00475247524847525,0.00000000000000000,0.00000000000000000,0.00000000000000000,0.00000000000000000,0.00475247524847525,0.00000000000000000,0.00000000000000000,0.00000000000000000,0.00000000000000000,0.00000000000000000,0.00000000000000000,0.00000000000000000
0.00000000000000000,0.00000000000000000,0.00000000000000000,-0.00000000000000000,0.00000000000000000,0.00000000000000000,0.00000000000000000,0.00000000000000000,0.00000000000000000,0.00000000000000000,0.00000000000000000,1781.85917602073504895,-0.00000000000000000,-5344.70107495597676461,3563.10920681099787544,-0.00000000000000000,0.00000000000000000,-1781.59190724659697480,1781.85917270758045561,0.00000000000000000,0.00000000000000000,0.00000000000000000,3563.71834792652589385,-1781.85917270758022823,0.00000000000000000,0.00000000000000000,0.00000000000000000,0.00000000000000000,0.00000000000000000,0.00000000000000000,0.00000000000000000,0.00000000000000000,0.00000000000000000,0.00475247524847525,0.00000000000000000,0.00000000000000000,0.00000000000000000,0.00000000000000000,0.00000000000000000,0.00000000000000000,0.00000000000000000,-0.04752305513476642,0.00475247524847525,-7896.68686266102122318,16597.58395398844731972,0.00475247524847525,0.00000000000000000,-9504.67040189573890530,3948.33155075960667091,0.00000000000000000,0.00000000000000000,0.00000000000000000,-3948.36481685191029101,0.00475247524847525,0.00000000000000000,0.00000000000000000,0.00000000000000000,0.00000000000000000,0.00000000000000000,0.00000000000000000
0.00000000000000000,0.00000000000000000,0.00000000000000000,-0.00000000000000000,0.00000000000000000,0.00000000000000000,0.00000000000000000,0.00000000000000000,0.00000000000000000,-0.00000000000000000,0.00000000000000000,0.00000262932459552,-0.00000000000000000,-0.00000000000000000,-0.00000000000000000,-1781.85917636234194106,0.00000182753494488,0.00000000000000000,0.00000000000000000,0.00000000000000000,0.00000000000000000,0.00000000000000000,0.00000000000000000,0.00000000000000000,0.00000000000000000,0.00000000000000000,0.00000000000000000,0.00000000000000000,0.00000000000000000,0.00000000000000000,0.00000000000000000,0.00000000000000000,0.00000000000000000,0.00475247524847525,0.00000000000000000,0.00000000000000000,0.00000000000000000,0.00000000000000000,0.00000000000000000,0.00475247524847525,0.00000000000000000,-3948.36956917285397139,0.00475247524847525,0.00475247524847525,0.00475247524847525,804.19122061665018464,-804.01790730539812557,0.00000000000000000,0.00000000000000000,0.00000000000000000,0.00000000000000000,0.00000000000000000,0.00000000000000000,0.00000000000000000,0.00000000000000000,0.00000000000000000,0.00000000000000000,0.00000000000000000,0.00000000000000000,0.00000000000000000
0.00000000000000000,0.00000000000000000,0.00000000000000000,0.00000000000000000,0.00000000000000000,1781.85917270758045561,0.00000000000000000,0.00000000000000000,1781.85917270758045561,-10689.55145905407880491,0.00000000000000000,-0.00000000000000000,0.00000000000000000,0.00000000000000000,0.00000000000000000,0.00000182753494488,-0.00000365476180250,0.00000000000000000,0.00000000000000000,0.00000000000002099,-1781.85917270758022823,-1781.85917270758022823,0.00000000000000000,0.00000000000000000,0.00000000000000000,0.00000000000000000,0.00000000000000000,0.00000000000000000,0.00000000000000000,0.00000000000000000,0.00000000000000000,0.00000000000000000,0.00000000000000000,0.00000000000000000,0.00000000000000000,3948.33155075960667091,0.00000000000000000,0.00000000000000000,3948.33155075960667091,-23690.00831291559370584,0.00000000000000000,0.00475247524847525,0.00000000000000000,0.00000000000000000,0.00000000000000000,-804.01790730539812557,803.88264155375838982,0.00000000000000000,0.00000000000000000,0.00475247524847525,0.00475247524847525,0.00475247524847525,0.00000000000000000,0.00000000000000000,0.00000000000000000,0.00000000000000000,0.00000000000000000,0.00000000000000000,0.00000000000000000,0.00000000000000000
0.00000000000000000,0.00000000000000000,0.00000000000000000,0.00000000000000000,0.00000000000000000,0.00000000000000000,0.00000000000000000,0.00000000000000000,0.00000000000000000,0.00000000000000000,0.00000000000000000,-0.00000000000000000,0.00000000000000000,-0.00000000000000000,-1781.51725558935618210,0.00000000000000000,0.00000000000000000,-0.60912964337279574,-1781.17534136771996600,-0.00000000000000000,0.00000000000000000,0.00000000000000000,-0.00000000000000000,0.00000000000000000,0.00000000000000000,0.00000000000000000,0.00000000000000000,0.00000000000000000,0.00000000000000000,0.00000000000000000,0.00000000000000000,0.00000000000000000,0.00000000000000000,0.00000000000000000,0.00000000000000000,0.00000000000000000,0.00000000000000000,0.00000000000000000,0.00000000000000000,0.00000000000000000,0.00000000000000000,0.00475247524847525,0.00000000000000000,0.00475247524847525,-9504.67040189573890530,0.00000000000000000,0.00000000000000000,19008.69519064944324782,-7896.68211049438014015,0.00475247524847525,0.00000000000000000,0.00000000000000000,0.00475247524847525,0.00000000000000000,0.00000000000000000,0.00000000000000000,0.00000000000000000,0.00000000000000000,0.00000000000000000,0.00000000000000000
0.00000000000000000,0.00000000000000000,0.00000000000000000,0.00000000000000000,0.00000000000000000,0.00000000000000000,0.00000000000000000,0.00000000000000000,0.00000000000000000,-0.00000000000000000,0.00000000000000000,0.00000000000000000,0.00000000000000000,0.00000000000000000,-0.00000000000000000,0.00000000000000000,0.00000000000000000,1781.85917453511524400,-0.00000365476180250,0.00000182753494488,0.00000000000000000,0.00000000000000000,0.00000000000000000,0.00000000000000000,0.00000000000000000,0.00000000000000000,0.00000000000000000,0.00000000000000000,0.00000000000000000,0.00000000000000000,0.00000000000000000,0.00000000000000000,0.00000000000000000,0.00000000000000000,0.00000000000000000,0.00000000000000000,0.00000000000000000,0.00000000000000000,0.00000000000000000,0.00475247524847525,0.00000000000000000,0.00000000000000000,0.00000000000000000,0.00000000000000000,4752.47524847524800862,0.00000000000000000,0.00000000000000000,-9504.66089725385063502,4752.51801890100796300,-804.01790730539812557,0.00000000000000000,0.00000000000000000,0.00000000000000000,0.00000000000000000,0.00000000000000000,0.00000000000000000,0.00000000000000000,0.00000000000000000,0.00000000000000000,0.00000000000000000
0.00000000000000000,0.00000000000000000,0.00000000000000000,0.00000000000000000,0.00000000000000000,1781.85917270758045561,0.00000000000000000,0.00000000000000000,1781.85917270758045561,-10689.55145905407880491,0.00000000000000000,0.00000000000000000,0.00000000000000000,0.00000000000000000,0.00000000000000000,0.00000000000000000,0.00000000000002099,-0.00000000000000000,0.00000182753494488,1781.85916905281919753,-1781.85917270758022823,-1781.85917270758022823,0.00000000000000000,0.00000000000000000,0.00000000000000000,0.00000000000000000,0.00000000000000000,0.00000000000000000,0.00000000000000000,0.00000000000000000,0.00000000000000000,0.00000000000000000,0.00000000000000000,0.00000000000000000,0.00000000000000000,3948.33155075960667091,0.00000000000000000,0.00000000000000000,3948.33155075960667091,-24493.99770629532577004,0.00000000000000000,0.00000000000000000,0.00000000000000000,0.00000000000000000,0.00000000000000000,0.00000000000000000,0.00475247524847525,0.00475247524847525,-804.01790730539812557,4752.20943983811503131,0.00475247524847525,0.00475247524847525,0.00000000000000000,0.00000000000000000,0.00000000000000000,0.00000000000000000,0.00000000000000000,0.00000000000000000,0.00000000000000000,0.00000000000000000
0.00000000000000000,0.00000000000000000,0.00000000000000000,0.00000000000000000,0.00000000000000000,1781.85917270758045561,0.00000000000000000,0.00000000000000000,1781.85917270758045561,-8907.69228634649880405,0.00000000000000000,0.00000000000000000,0.00000000000000000,0.00000000000000000,0.00000000000000000,0.00000000000000000,0.00000000000002099,0.00000000000000000,0.00000000000000000,0.00000000000002099,-3563.71834906992216929,0.00000209479839050,0.00000000000000000,-0.00000000000000000,0.00000000000000000,0.00000000000000000,0.00000000000000000,0.00000000000000000,0.00000000000000000,0.00000000000000000,0.00000000000000000,0.00000000000000000,0.00000000000000000,0.00000000000000000,0.00000000000000000,3948.33155075960667091,0.00000000000000000,0.00000000000000000,3948.33155075960667091,-22885.85986272470108815,0.00000000000000000,0.00000000000000000,0.00000000000000000,0.00000000000000000,0.00000000000000000,0.00000000000000000,0.00475247524847525,0.00000000000000000,0.00000000000000000,0.00475247524847525,804.19122061664995726,-2411.99669391056249879,0.00000000000000000,804.14845019088966183,0.00000000000000000,0.00000000000000000,0.00000000000000000,0.00000000000000000,0.00000000000000000,0.00000000000000000
0.00000000000000000,0.00000000000000000,0.00000000000000000,0.00000000000000000,0.00000000000000000,1781.85917270758045561,0.00000000000000000,0.00000000000000000,1781.85917270758045561,-10689.55145871216518572,0.00000000000000000,0.00000000000000000,0.00000000000000000,0.00000000000000000,0.00000000000000000,0.00000000000000000,0.00000000000002099,0.00000000000000000,0.00000000000000000,0.00000000000002099,0.00000216945027169,-5345.57752543226524722,-0.00000000000000000,1781.85917514429388575,-0.00000000000000000,0.00000000000000000,0.00000000000000000,0.00000000000000000,0.00000000000000000,0.00000000000000000,0.00000000000000000,0.00000000000000000,0.00000000000000000,0.00000000000000000,0.00000000000000000,3948.33155075960667091,0.00000000000000000,0.00000000000000000,3948.33155075960667091,-26905.96588628022436751,0.00000000000000000,0.00000000000000000,0.00000000000000000,0.00000000000000000,0.00000000000000000,0.00000000000000000,0.00475247524847525,0.00000000000000000,0.00000000000000000,0.00475247524847525,-2411.99669391056249879,8038.74530644190872408,0.00475247524847525,-2412.00619870675518541,0.00475247524847525,0.00000000000000000,0.00000000000000000,0.00000000000000000,0.00000000000000000,0.00000000000000000
0.00000000000000000,0.00000000000000000,0.00000000000000000,0.00000000000000000,0.00000000000000000,0.00000000000000000,0.00000000000000000,0.00000000000000000,0.00000000000000000,0.00000000000000000,0.00000000000000000,-0.00000000000000000,0.00000000000000000,-0.00000000000000000,3563.71834777722187937,0.00000000000000000,0.00000000000000000,-0.00000000000000000,0.00000000000000000,0.00000000000000000,0.00000000000000000,-0.00000000000000000,-7127.43669448508262576,3563.71834750995867580,-0.00000000000000000,0.00000000000000000,0.00000000000000000,0.00000000000000000,0.00000000000000000,0.00000000000000000,0.00000000000000000,0.00000000000000000,0.00000000000000000,0.00000000000000000,0.00000000000000000,0.00000000000000000,0.00000000000000000,0.00000000000000000,0.00000000000000000,0.00000000000000000,0.00000000000000000,0.00475247524847525,0.00000000000000000,0.00475247524847525,-3948.36481685191029101,0.00000000000000000,0.00000000000000000,0.00475247524847525,0.00000000000000000,0.00000000000000000,0.00000000000000000,0.00475247524847525,4752.51801890100705350,-804.02265962634214702,0.00475247524847525,0.00000000000000000,0.00000000000000000,0.00000000000000000,0.00000000000000000,0.00000000000000000
0.00000000000000000,0.00000000000000000,0.00000000000000000,0.00000000000000000,0.00000000000000000,0.00000000000000000,0.00000000000000000,0.00000000000000000,0.00000000000000000,-0.00000000000000000,0.00000000000000000,0.00000000000000000,0.00000000000000000,0.00000000000000000,-1781.85917270758022823,0.00000000000000000,0.00000000000000000,0.00000000000000000,0.00000000000000000,0.00000000000000000,-0.00000000000000000,1781.85917514429388575,3563.71834758461091042,-5345.57752543226524722,1781.85917514429388575,-0.00000000000000000,-0.00000000000000000,0.00000000000000000,0.00000000000000000,0.00000000000000000,0.00000000000000000,0.00000000000000000,0.00000000000000000,0.00000000000000000,0.00000000000000000,0.00000000000000000,0.00000000000000000,0.00000000000000000,0.00000000000000000,804.14845019088966183,0.00000000000000000,0.00000000000000000,0.00000000000000000,0.00000000000000000,0.00475247524847525,0.00000000000000000,0.00000000000000000,0.00000000000000000,0.00000000000000000,0.00000000000000000,804.14845019088966183,-2412.00619870675518541,-804.02265962634214702,1608.06435721991124410,-0.03801856755188030,0.00475247524847525,0.00475247524847525,0.00000000000000000,0.00000000000000000,0.00000000000000000
0.00000000000000000,0.00000000000000000,0.00000000000000000,0.00000000000000000,0.00000000000000000,0.00000000000000000,0.00000000000000000,0.00000000000000000,0.00000000000000000,0.00000000000000000,0.00000000000000000,0.00000000000000000,0.00000000000000000,0.00000000000000000,0.00000000000000000,0.00000000000000000,0.00000000000000000,0.00000000000000000,0.00000000000000000,0.00000000000000000,0.00000000000000000,-0.00000000000000000,-0.00000000000000000,1781.85917514429388575,-1782.46830600571502146,0.00000190218682607,5345.91943558288039640,-1781.85917270758022823,-1781.85917270758022823,-1781.85917270758022823,0.00000000000000000,0.00000000000000000,0.00000000000000000,0.00000000000000000,0.00000000000000000,0.00000000000000000,0.00000000000000000,0.00000000000000000,0.00000000000000000,0.00000000000000000,0.00000000000000000,0.00000000000000000,0.00000000000000000,0.00000000000000000,0.00000000000000000,0.00000000000000000,0.00000000000000000,0.00000000000000000,0.00000000000000000,0.00000000000000000,0.00000000000000000,0.00475247524847525,0.00475247524847525,-0.03801856755188030,4752.55603685151891113,-804.01790730539812557,-3948.36956917285442614,0.00475247524847525,0.00475247524847525,0.00475247524847525
0.00000000000000000,0.00000000000000000,0.00000000000000000,0.00000000000000000,0.00000000000000000,0.00000000000000000,0.00000000000000000,0.00000000000000000,0.00000000000000000,0.00000000000000000,0.00000000000000000,0.00000000000000000,0.00000000000000000,0.00000000000000000,0.00000000000000000,0.00000000000000000,0.00000000000000000,0.00000000000000000,0.00000000000000000,0.00000000000000000,0.00000000000000000,0.00000000000000000,0.00000000000000000,-0.00000000000000000,0.00000175288306368,-0.00000121825362849,-0.00000000000000000,0.00000000000000000,0.00000000000000000,0.00000000000000000,0.00000000000000000,0.00000000000000000,0.00000000000000000,0.00000000000000000,0.00000000000000000,0.00000000000000000,0.00000000000000000,0.00000000000000000,0.00000000000000000,0.00000000000000000,0.00000000000000000,0.00000000000000000,0.00000000000000000,0.00000000000000000,0.00000000000000000,0.00000000000000000,0.00000000000000000,0.00000000000000000,0.00000000000000000,0.00000000000000000,0.00000000000000000,0.00000000000000000,0.00000000000000000,0.00475247524847525,-804.01790730539823926,803.85412793658485953,0.00475247524847525,0.00000000000000000,0.00000000000000000,0.00000000000000000
0.00000000000000000,0.00000000000000000,0.00000000000000000,0.00000000000000000,0.00000000000000000,-0.00000000000000000,0.00000000000000000,-0.00000000000000000,0.00000000000000000,0.00000000000000000,0.00000000000000000,0.00000000000000000,0.00000000000000000,0.00000000000000000,0.00000000000000000,0.00000000000000000,0.00000000000000000,0.00000000000000000,0.00000000000000000,0.00000000000000000,0.00000000000000000,0.00000000000000000,0.00000000000000000,-0.00000000000000000,5345.84478385098736908,-0.00000000000000000,-24946.63755651028623106,7127.43669360895000864,7127.43669334168680507,5345.91943539026851795,0.00000000000000000,0.00000000000000000,0.00000000000000000,0.00000000000000000,0.00000000000000000,0.00475247524847525,0.00000000000000000,0.00475247524847525,0.00000000000000000,0.00000000000000000,0.00000000000000000,0.00000000000000000,0.00000000000000000,0.00000000000000000,0.00000000000000000,0.00000000000000000,0.00000000000000000,0.00000000000000000,0.00000000000000000,0.00000000000000000,0.00000000000000000,0.00000000000000000,0.00000000000000000,0.00475247524847525,-3948.36956917285442614,0.00475247524847525,7896.78665970408565045,-0.04277088849586533,-0.03326609230340504,-3948.36006437666264901
0.00000000000000000,0.00000000000002099,0.00000000000000000,0.00000000000002099,0.00000000000000000,1.87084075019456719,-1781.85917270758022823,-3563.45108029609173173,-1781.85917270758022823,-1781.85917270758022823,0.00000000000000000,0.00000000000000000,0.00000000000000000,0.00000000000000000,0.00000000000000000,0.00000000000000000,0.00000000000000000,0.00000000000000000,0.00000000000000000,0.00000000000000000,0.00000000000000000,0.00000000000000000,0.00000000000000000,0.00000000000000000,-1781.85917270758022823,0.00000000000000000,7127.43669353429868352,-5345.57752543226342823,-1781.85917270758022823,-1781.85917270758022823,0.00000000000000000,0.00475247524847525,0.00000000000000000,0.00475247524847525,0.00000000000000000,-0.05227537608130986,0.00475247524847525,-3948.35531205571851388,0.00475247524847525,0.00475247524847525,0.00000000000000000,0.00000000000000000,0.00000000000000000,0.00000000000000000,0.00000000000000000,0.00000000000000000,0.00000000000000000,0.00000000000000000,0.00000000000000000,0.00000000000000000,0.00000000000000000,0.00000000000000000,0.00000000000000000,0.00000000000000000,0.00475247524847525,0.00000000000000000,-0.04277088849586533,803.92065950427013377,0.00475247524847525,0.00475247524847525
0.00000000000000000,0.00000000000000000,0.00000000000000000,0.00000000000000000,0.00000000000000000,0.00000000000000000,0.00000000000000000,0.00000000000000000,0.00000000000000000,0.00000000000000000,0.00000000000000000,0.00000000000000000,0.00000000000000000,0.00000000000000000,0.00000000000000000,0.00000000000000000,0.00000000000000000,0.00000000000000000,0.00000000000000000,0.00000000000000000,0.00000000000000000,0.00000000000000000,0.00000000000000000,0.00000000000000000,-1781.85917270758022823,0.00000000000000000,7127.43669319238324533,-1781.85917270758022823,-1781.85917636234194106,-1781.85917088004521247,0.00000000000000000,0.00000000000000000,0.00000000000000000,0.00000000000000000,0.00000000000000000,0.00000000000000000,0.00000000000000000,0.00000000000000000,0.00000000000000000,0.00000000000000000,0.00000000000000000,0.00000000000000000,0.00000000000000000,0.00000000000000000,0.00000000000000000,0.00000000000000000,0.00000000000000000,0.00000000000000000,0.00000000000000000,0.00000000000000000,0.00000000000000000,0.00000000000000000,0.00000000000000000,0.00000000000000000,0.00475247524847525,0.00000000000000000,-0.03326609230340504,0.00475247524847525,803.88264155375838982,-804.01315483014957408
0.00000000000000000,0.00000000000000000,0.00000000000000000,0.00000000000000000,0.00000000000000000,0.00000000000000000,0.00000000000000000,0.00000000000000000,0.00000000000000000,0.00000000000000000,0.00000000000000000,0.00000000000000000,0.00000000000000000,0.00000000000000000,0.00000000000000000,0.00000000000000000,0.00000000000000000,0.00000000000000000,0.00000000000000000,0.00000000000000000,0.00000000000000000,0.00000000000000000,0.00000000000000000,0.00000000000000000,-1781.85917270758022823,0.00000000000000000,5345.84478343442060577,-1781.85917270758022823,-1781.85917088004521247,-0.00000365476136742,0.00000000000000000,0.00000000000000000,0.00000000000000000,0.00000000000000000,0.00000000000000000,0.00000000000000000,0.00000000000000000,0.00000000000000000,0.00000000000000000,0.00000000000000000,0.00000000000000000,0.00000000000000000,0.00000000000000000,0.00000000000000000,0.00000000000000000,0.00000000000000000,0.00000000000000000,0.00000000000000000,0.00000000000000000,0.00000000000000000,0.00000000000000000,0.00000000000000000,0.00000000000000000,0.00000000000000000,0.00475247524847525,0.00000000000000000,-3948.36006437666264901,0.00475247524847525,-804.01315483014957408,4752.51801915100713813
